Rank,Username/ID,Platform,Engagement Score,Influence Score,Topics Discussed,Number of Posts,Sample Post,Last Updated
1,@secops,X (Twitter),3352,Very High,"sspm, gainsight_breach, ai_agent_security, salesloft_breach",16,SaaS security posture management guide,2025-12-01 22:02:58
2,@infosec,X (Twitter),4557,Very High,"salesloft_breach, saas_security, sspm",5,SaaS compliance requirements for healthcare,2025-12-01 22:02:58
3,@infosec,Reddit,2362,Very High,"salesloft_breach, gainsight_breach",17,Gainsight incident: what we know so far,2025-12-01 22:02:58
4,@cloudops,X (Twitter),3488,Very High,"saas_compliance, gainsight_breach",6,Gainsight incident: what we know so far,2025-12-01 22:02:58
5,@secops,Reddit,3403,Very High,"ai_agent_security, gainsight_breach",10,SaaS security posture management guide,2025-12-01 22:02:58
6,@securityresearcher,Reddit,1619,Very High,"salesforce_breach, saas_security, sspm",9,Salesforce breach analysis and lessons learned,2025-12-01 22:02:58
7,@infosecpro,X (Twitter),3395,Very High,"ai_agent_security, salesforce_breach",20,Gainsight incident: what we know so far,2025-12-01 22:02:58
8,@cloudsecurity,Reddit,2865,Very High,"salesforce_breach, gainsight_breach, saas_compliance, saas_security",20,SaaS security posture management guide,2025-12-01 22:02:58
9,@cloudsecurity,Reddit,1658,Very High,"gainsight_breach, sspm",3,SSPM best practices for 2025,2025-12-01 22:02:58
10,@aisecurity,Reddit,1447,Very High,gainsight_breach,19,Gainsight incident: what we know so far,2025-12-01 22:02:58
11,@saassecops,Reddit,4052,Very High,ai_agent_security,13,AI compliance regulations update,2025-12-01 22:02:58
12,@cloudarchitect,X (Twitter),4455,Very High,salesforce_breach,18,Gainsight incident: what we know so far,2025-12-01 22:02:58
13,@securityengineer,Reddit,4328,Very High,"sspm, salesloft_breach, ai_agent_security",11,SaaS compliance requirements for healthcare,2025-12-01 22:02:58
14,@saassec,Reddit,1957,Very High,"salesforce_breach, sspm, ai_agent_security",11,Salesloft supply chain attack deep dive,2025-12-01 22:02:58
15,@cyberdefender,Reddit,4595,Very High,"salesloft_breach, ai_agent_security, sspm",17,AI compliance regulations update,2025-12-01 22:02:58
16,@securityresearcher,X (Twitter),4482,Very High,saas_security,13,Salesloft supply chain attack deep dive,2025-12-01 22:02:58
17,@cloudops,X (Twitter),1628,Very High,salesloft_breach,6,Gainsight incident: what we know so far,2025-12-01 22:02:58
18,@cloudops,X (Twitter),2513,Very High,saas_compliance,16,SaaS security posture management guide,2025-12-01 22:02:58
19,@cloudsecurity,X (Twitter),3722,Very High,"saas_compliance, salesloft_breach, salesforce_breach",10,SSPM best practices for 2025,2025-12-01 22:02:58
20,@saassec,Reddit,3580,Very High,"saas_compliance, salesloft_breach",3,SaaS security posture management guide,2025-12-01 22:02:58
21,@cloudsecurity,Reddit,2757,Very High,"sspm, ai_agent_security, gainsight_breach",7,Salesforce breach analysis and lessons learned,2025-12-01 22:02:58
22,@sspmexpert,X (Twitter),4636,Very High,"salesforce_breach, saas_security",8,AI agent security concerns in enterprise SaaS,2025-12-01 22:02:58
23,@devsecops,X (Twitter),3888,Very High,"salesforce_breach, ai_agent_security",13,Gainsight incident: what we know so far,2025-12-01 22:02:58
24,@securityengineer,Reddit,4986,Very High,"sspm, saas_security, saas_compliance",19,AI agent security concerns in enterprise SaaS,2025-12-01 22:02:58
25,@cyberdefender,X (Twitter),2606,Very High,"sspm, saas_compliance, ai_agent_security",7,SaaS security posture management guide,2025-12-01 22:02:58
26,@infosec,Reddit,1847,Very High,gainsight_breach,16,Salesforce breach analysis and lessons learned,2025-12-01 22:02:58
27,@aisecurity,Reddit,1323,Very High,salesloft_breach,7,Salesforce breach analysis and lessons learned,2025-12-01 22:02:58
28,@securityresearcher,Reddit,3821,Very High,gainsight_breach,4,Salesforce breach analysis and lessons learned,2025-12-01 22:02:58
29,@securityguru,X (Twitter),1764,Very High,"saas_security, ai_agent_security, salesforce_breach, sspm",12,SaaS compliance requirements for healthcare,2025-12-01 22:02:58
30,@saascompliance,X (Twitter),2554,Very High,gainsight_breach,10,AI agent security concerns in enterprise SaaS,2025-12-01 22:02:58
31,@saascompliance,Reddit,4444,Very High,"gainsight_breach, saas_compliance, salesloft_breach",14,Gainsight incident: what we know so far,2025-12-01 22:02:58
32,@cybersecurity,Reddit,2927,Very High,"saas_security, ai_agent_security",18,SSPM best practices for 2025,2025-12-01 22:02:58
33,@cloudsecurity,Reddit,4669,Very High,"sspm, saas_security, ai_agent_security",7,AI agent security concerns in enterprise SaaS,2025-12-01 22:02:58
34,@devsecops,Reddit,1204,Very High,"ai_agent_security, sspm, saas_compliance, salesloft_breach",3,Salesloft supply chain attack deep dive,2025-12-01 22:02:58
35,@securityguru,Reddit,3316,Very High,sspm,7,GenAI security risks in SaaS platforms,2025-12-01 22:02:58
36,@secops,X (Twitter),3062,Very High,"ai_agent_security, saas_compliance",19,Gainsight incident: what we know so far,2025-12-01 22:02:58
37,@saassecops,X (Twitter),3341,Very High,"sspm, saas_compliance",12,New SaaS security framework released,2025-12-01 22:02:58
38,@infosec,Reddit,2455,Very High,gainsight_breach,4,Gainsight incident: what we know so far,2025-12-01 22:02:58
39,@securityexpert,Reddit,4159,Very High,"saas_security, salesforce_breach",14,SaaS security posture management guide,2025-12-01 22:02:58
40,@infosec,X (Twitter),2277,Very High,"ai_agent_security, saas_security",15,Salesforce breach analysis and lessons learned,2025-12-01 22:02:58
41,@devsecops,X (Twitter),1053,Very High,"saas_security, ai_agent_security",16,AI agent security concerns in enterprise SaaS,2025-12-01 22:02:58
42,@cloudarchitect,Reddit,4652,Very High,"sspm, salesforce_breach, saas_compliance",19,AI agent security concerns in enterprise SaaS,2025-12-01 22:02:58
43,@infosecpro,X (Twitter),3568,Very High,"salesforce_breach, gainsight_breach",4,AI agent security concerns in enterprise SaaS,2025-12-01 22:02:58
44,@securityguru,Reddit,2250,Very High,salesloft_breach,15,AI agent security concerns in enterprise SaaS,2025-12-01 22:02:58
45,@saassec,X (Twitter),2083,Very High,"gainsight_breach, sspm",18,SaaS compliance requirements for healthcare,2025-12-01 22:02:58
46,@cyberdefender,X (Twitter),2757,Very High,"gainsight_breach, salesforce_breach, saas_compliance, salesloft_breach",7,Salesforce breach analysis and lessons learned,2025-12-01 22:02:58
47,@cyberanalyst,Reddit,2462,Very High,sspm,12,Gainsight incident: what we know so far,2025-12-01 22:02:58
48,@infosec,X (Twitter),4435,Very High,"salesforce_breach, gainsight_breach",11,Salesforce breach analysis and lessons learned,2025-12-01 22:02:58
49,@sspmexpert,X (Twitter),4161,Very High,"saas_compliance, ai_agent_security",3,AI agent security concerns in enterprise SaaS,2025-12-01 22:02:58
50,@devsecops,X (Twitter),3006,Very High,"ai_agent_security, gainsight_breach, saas_security, salesloft_breach",18,Gainsight incident: what we know so far,2025-12-01 22:02:58
51,@secops,Reddit,616,High,"saas_compliance, salesforce_breach, ai_agent_security",17,New SaaS security framework released,2025-12-01 22:02:58
52,@infosec,Reddit,1490,Very High,"saas_compliance, saas_security, sspm, salesloft_breach",13,Gainsight incident: what we know so far,2025-12-01 22:02:58
53,@cyberdefender,X (Twitter),828,High,gainsight_breach,12,SaaS security posture management guide,2025-12-01 22:02:58
54,@saassecops,X (Twitter),629,High,"saas_security, sspm, salesforce_breach",20,Gainsight incident: what we know so far,2025-12-01 22:02:58
55,@securityguru,X (Twitter),1036,Very High,sspm,20,Salesloft supply chain attack deep dive,2025-12-01 22:02:58
56,@cloudarchitect,Reddit,1437,Very High,"saas_security, salesloft_breach, saas_compliance",6,SSPM best practices for 2025,2025-12-01 22:02:58
57,@aisecurity,X (Twitter),796,High,"gainsight_breach, saas_compliance",3,SaaS security posture management guide,2025-12-01 22:02:58
58,@cloudsecurity,X (Twitter),555,High,"saas_compliance, gainsight_breach",16,GenAI security risks in SaaS platforms,2025-12-01 22:02:58
59,@cloudsecpro,Reddit,719,High,sspm,15,SSPM best practices for 2025,2025-12-01 22:02:58
60,@saascompliance,X (Twitter),1390,Very High,"saas_compliance, salesforce_breach",20,Gainsight incident: what we know so far,2025-12-01 22:02:58
61,@cloudarchitect,X (Twitter),776,High,"saas_compliance, saas_security, sspm, salesforce_breach",14,SaaS compliance requirements for healthcare,2025-12-01 22:02:58
62,@sspmexpert,X (Twitter),1401,Very High,"salesloft_breach, sspm, saas_compliance",16,Gainsight incident: what we know so far,2025-12-01 22:02:58
63,@aisecurity,X (Twitter),954,High,"sspm, ai_agent_security",3,New SaaS security framework released,2025-12-01 22:02:58
64,@securityexpert,Reddit,855,High,"ai_agent_security, gainsight_breach",7,Gainsight incident: what we know so far,2025-12-01 22:02:58
65,@infosecpro,Reddit,631,High,"ai_agent_security, gainsight_breach, salesloft_breach",18,AI agent security concerns in enterprise SaaS,2025-12-01 22:02:58
66,@cloudops,X (Twitter),960,High,"ai_agent_security, saas_security, sspm",11,SaaS security posture management guide,2025-12-01 22:02:58
67,@cyberdefender,Reddit,688,High,"sspm, ai_agent_security",6,AI compliance regulations update,2025-12-01 22:02:58
68,@cloudsecpro,Reddit,1074,Very High,"gainsight_breach, sspm, ai_agent_security",5,Salesforce breach analysis and lessons learned,2025-12-01 22:02:58
69,@cloudarchitect,Reddit,682,High,"salesloft_breach, sspm, ai_agent_security",9,SSPM best practices for 2025,2025-12-01 22:02:58
70,@infosec,X (Twitter),572,High,sspm,8,GenAI security risks in SaaS platforms,2025-12-01 22:02:58
71,@saassecops,Reddit,912,High,"saas_security, salesforce_breach, sspm",14,SaaS compliance requirements for healthcare,2025-12-01 22:02:58
72,@saascompliance,X (Twitter),1303,Very High,"saas_security, saas_compliance, sspm",6,SSPM best practices for 2025,2025-12-01 22:02:58
73,@saassecops,X (Twitter),706,High,ai_agent_security,9,SaaS security posture management guide,2025-12-01 22:02:58
74,@infosecpro,Reddit,607,High,salesloft_breach,8,Salesforce breach analysis and lessons learned,2025-12-01 22:02:58
75,@cloudops,X (Twitter),1133,Very High,"gainsight_breach, ai_agent_security",10,Salesloft supply chain attack deep dive,2025-12-01 22:02:58
76,@cloudops,X (Twitter),1000,Very High,salesloft_breach,12,New SaaS security framework released,2025-12-01 22:02:58
77,@secops,Reddit,1438,Very High,sspm,16,Salesforce breach analysis and lessons learned,2025-12-01 22:02:58
78,@aisecurity,X (Twitter),594,High,"gainsight_breach, salesforce_breach, saas_compliance",20,AI agent security concerns in enterprise SaaS,2025-12-01 22:02:58
79,@securityresearcher,X (Twitter),1083,Very High,"saas_security, gainsight_breach",8,Gainsight incident: what we know so far,2025-12-01 22:02:58
80,@cloudsecurity,Reddit,1014,Very High,"salesloft_breach, gainsight_breach",14,AI compliance regulations update,2025-12-01 22:02:58
81,@cyberdefender,X (Twitter),1127,Very High,saas_security,11,Salesforce breach analysis and lessons learned,2025-12-01 22:02:58
82,@securityexpert,Reddit,1215,Very High,"ai_agent_security, saas_security",20,SaaS compliance requirements for healthcare,2025-12-01 22:02:58
83,@cybersecurity,Reddit,990,High,"sspm, salesloft_breach",16,AI compliance regulations update,2025-12-01 22:02:58
84,@cloudops,X (Twitter),881,High,saas_security,20,AI compliance regulations update,2025-12-01 22:02:58
85,@saassec,Reddit,553,High,sspm,10,AI compliance regulations update,2025-12-01 22:02:58
86,@cloudsecurity,Reddit,1105,Very High,"sspm, saas_security, salesforce_breach",20,AI agent security concerns in enterprise SaaS,2025-12-01 22:02:58
87,@aisecurity,X (Twitter),1483,Very High,salesforce_breach,2,Salesloft supply chain attack deep dive,2025-12-01 22:02:58
88,@securityexpert,Reddit,989,High,sspm,5,SaaS security posture management guide,2025-12-01 22:02:58
89,@securityguru,Reddit,780,High,"sspm, salesloft_breach, saas_security, gainsight_breach",15,Gainsight incident: what we know so far,2025-12-01 22:02:58
90,@infosecpro,Reddit,1419,Very High,"salesloft_breach, sspm",10,Salesforce breach analysis and lessons learned,2025-12-01 22:02:58
91,@cloudops,Reddit,997,High,"gainsight_breach, salesforce_breach",19,SaaS security posture management guide,2025-12-01 22:02:58
92,@saassecops,Reddit,1219,Very High,"salesloft_breach, salesforce_breach, sspm",4,AI agent security concerns in enterprise SaaS,2025-12-01 22:02:58
93,@securityresearcher,X (Twitter),599,High,"gainsight_breach, saas_security, salesforce_breach, salesloft_breach",18,GenAI security risks in SaaS platforms,2025-12-01 22:02:58
94,@cyberdefender,X (Twitter),1101,Very High,salesforce_breach,5,Salesloft supply chain attack deep dive,2025-12-01 22:02:58
95,@saascompliance,X (Twitter),1408,Very High,"gainsight_breach, ai_agent_security, salesloft_breach",15,SSPM best practices for 2025,2025-12-01 22:02:58
96,@cloudsecurity,Reddit,1340,Very High,"salesloft_breach, saas_compliance, salesforce_breach",2,Salesforce breach analysis and lessons learned,2025-12-01 22:02:58
97,@cybersecurity,Reddit,1307,Very High,"salesforce_breach, sspm",3,Salesloft supply chain attack deep dive,2025-12-01 22:02:58
98,@sspmexpert,X (Twitter),803,High,"salesforce_breach, saas_compliance",6,Gainsight incident: what we know so far,2025-12-01 22:02:58
99,@cybersecurity,X (Twitter),1179,Very High,"salesforce_breach, saas_security, saas_compliance",5,SSPM best practices for 2025,2025-12-01 22:02:58
100,@cybersecurity,X (Twitter),1303,Very High,saas_compliance,1,SaaS security posture management guide,2025-12-01 22:02:58
101,@securityguru,Reddit,1225,Very High,ai_agent_security,7,AI agent security concerns in enterprise SaaS,2025-12-01 22:02:58
102,@cloudsecurity,Reddit,706,High,salesloft_breach,14,SaaS compliance requirements for healthcare,2025-12-01 22:02:58
103,@cloudops,X (Twitter),1210,Very High,"saas_security, gainsight_breach, salesforce_breach",20,Gainsight incident: what we know so far,2025-12-01 22:02:58
104,@secops,Reddit,1147,Very High,salesforce_breach,5,GenAI security risks in SaaS platforms,2025-12-01 22:02:58
105,@saassec,X (Twitter),1138,Very High,"ai_agent_security, salesloft_breach",8,Gainsight incident: what we know so far,2025-12-01 22:02:58
106,@cyberanalyst,Reddit,843,High,"ai_agent_security, saas_compliance",2,SSPM best practices for 2025,2025-12-01 22:02:58
107,@securityresearcher,Reddit,1135,Very High,"saas_security, salesloft_breach, ai_agent_security, gainsight_breach",13,AI compliance regulations update,2025-12-01 22:02:58
108,@cyberdefender,X (Twitter),1384,Very High,"salesloft_breach, saas_security, gainsight_breach, sspm",16,GenAI security risks in SaaS platforms,2025-12-01 22:02:58
109,@cyberanalyst,X (Twitter),938,High,"sspm, salesloft_breach, saas_compliance, gainsight_breach",8,Gainsight incident: what we know so far,2025-12-01 22:02:58
110,@devsecops,X (Twitter),1118,Very High,salesloft_breach,15,AI agent security concerns in enterprise SaaS,2025-12-01 22:02:58
111,@securityexpert,Reddit,1246,Very High,"salesforce_breach, saas_compliance, ai_agent_security, gainsight_breach",8,Gainsight incident: what we know so far,2025-12-01 22:02:58
112,@infosecpro,X (Twitter),1140,Very High,salesloft_breach,5,Salesforce breach analysis and lessons learned,2025-12-01 22:02:58
113,@saassecops,X (Twitter),530,High,"salesloft_breach, saas_compliance",2,New SaaS security framework released,2025-12-01 22:02:58
114,@cloudops,Reddit,803,High,"salesloft_breach, saas_security",16,AI agent security concerns in enterprise SaaS,2025-12-01 22:02:58
115,@cyberanalyst,X (Twitter),1480,Very High,"salesloft_breach, sspm",4,SaaS compliance requirements for healthcare,2025-12-01 22:02:58
116,@infosecpro,Reddit,647,High,saas_security,6,Salesloft supply chain attack deep dive,2025-12-01 22:02:58
117,@cloudops,X (Twitter),720,High,"gainsight_breach, salesforce_breach, salesloft_breach",18,SaaS security posture management guide,2025-12-01 22:02:58
118,@saascompliance,Reddit,1313,Very High,ai_agent_security,3,GenAI security risks in SaaS platforms,2025-12-01 22:02:58
119,@cloudsecpro,Reddit,711,High,saas_compliance,18,SaaS security posture management guide,2025-12-01 22:02:58
120,@securityengineer,Reddit,1175,Very High,ai_agent_security,2,Salesloft supply chain attack deep dive,2025-12-01 22:02:58
121,@aisecurity,Reddit,987,High,gainsight_breach,7,SaaS compliance requirements for healthcare,2025-12-01 22:02:58
122,@securityresearcher,Reddit,1113,Very High,"sspm, salesloft_breach",2,AI compliance regulations update,2025-12-01 22:02:58
123,@infosecpro,Reddit,829,High,salesloft_breach,18,SaaS compliance requirements for healthcare,2025-12-01 22:02:58
124,@saassecops,Reddit,1200,Very High,salesloft_breach,15,Salesloft supply chain attack deep dive,2025-12-01 22:02:58
125,@securityengineer,Reddit,728,High,ai_agent_security,4,AI compliance regulations update,2025-12-01 22:02:58
126,@sspmexpert,Reddit,1382,Very High,"salesloft_breach, ai_agent_security, sspm, salesforce_breach",12,Salesforce breach analysis and lessons learned,2025-12-01 22:02:58
127,@cloudarchitect,Reddit,1350,Very High,"saas_compliance, salesforce_breach",7,Gainsight incident: what we know so far,2025-12-01 22:02:58
128,@securityengineer,X (Twitter),1007,Very High,"saas_compliance, sspm",2,New SaaS security framework released,2025-12-01 22:02:58
129,@saassecops,Reddit,1486,Very High,"salesforce_breach, salesloft_breach, sspm",14,Salesforce breach analysis and lessons learned,2025-12-01 22:02:58
130,@cloudsecurity,X (Twitter),847,High,"saas_security, salesforce_breach, ai_agent_security, salesloft_breach",9,Salesforce breach analysis and lessons learned,2025-12-01 22:02:58
131,@securityresearcher,X (Twitter),1219,Very High,"gainsight_breach, saas_compliance",8,GenAI security risks in SaaS platforms,2025-12-01 22:02:58
132,@securityguru,Reddit,1423,Very High,ai_agent_security,6,SaaS security posture management guide,2025-12-01 22:02:58
133,@devsecops,X (Twitter),829,High,"saas_security, ai_agent_security, saas_compliance, sspm",19,GenAI security risks in SaaS platforms,2025-12-01 22:02:58
134,@securityexpert,X (Twitter),610,High,"gainsight_breach, saas_security, saas_compliance",20,Gainsight incident: what we know so far,2025-12-01 22:02:58
135,@cloudsecurity,Reddit,1345,Very High,"salesforce_breach, saas_security",5,GenAI security risks in SaaS platforms,2025-12-01 22:02:58
136,@securityengineer,X (Twitter),1472,Very High,saas_compliance,15,SaaS security posture management guide,2025-12-01 22:02:58
137,@cloudarchitect,X (Twitter),679,High,"saas_compliance, ai_agent_security, saas_security, salesloft_breach",2,Salesforce breach analysis and lessons learned,2025-12-01 22:02:58
138,@saascompliance,X (Twitter),1112,Very High,"salesforce_breach, gainsight_breach, salesloft_breach",8,AI compliance regulations update,2025-12-01 22:02:58
139,@securityguru,Reddit,573,High,saas_security,9,AI compliance regulations update,2025-12-01 22:02:58
140,@cloudsecpro,Reddit,960,High,ai_agent_security,2,SaaS security posture management guide,2025-12-01 22:02:58
141,@cloudsecpro,Reddit,976,High,"saas_security, salesloft_breach",3,Gainsight incident: what we know so far,2025-12-01 22:02:58
142,@cybersecurity,X (Twitter),1163,Very High,"gainsight_breach, saas_security",16,AI compliance regulations update,2025-12-01 22:02:58
143,@cyberanalyst,Reddit,1244,Very High,"ai_agent_security, saas_compliance, gainsight_breach, saas_security",3,SaaS security posture management guide,2025-12-01 22:02:58
144,@infosecpro,X (Twitter),1427,Very High,"salesforce_breach, salesloft_breach, sspm, ai_agent_security",2,SaaS compliance requirements for healthcare,2025-12-01 22:02:58
145,@securityexpert,X (Twitter),660,High,"ai_agent_security, salesforce_breach, saas_security, salesloft_breach",16,SaaS compliance requirements for healthcare,2025-12-01 22:02:58
146,@infosec,X (Twitter),1262,Very High,"salesforce_breach, salesloft_breach, gainsight_breach",17,AI agent security concerns in enterprise SaaS,2025-12-01 22:02:58
147,@devsecops,Reddit,1231,Very High,"salesloft_breach, ai_agent_security, saas_security",12,GenAI security risks in SaaS platforms,2025-12-01 22:02:58
148,@cyberdefender,X (Twitter),612,High,salesforce_breach,20,SaaS compliance requirements for healthcare,2025-12-01 22:02:58
149,@secops,X (Twitter),1393,Very High,"saas_compliance, salesforce_breach",10,SaaS compliance requirements for healthcare,2025-12-01 22:02:58
150,@infosecpro,Reddit,1020,Very High,"ai_agent_security, gainsight_breach, salesloft_breach",19,SSPM best practices for 2025,2025-12-01 22:02:58
151,@sspmexpert,X (Twitter),569,High,"salesforce_breach, salesloft_breach",18,SaaS compliance requirements for healthcare,2025-12-01 22:02:58
152,@saassec,Reddit,764,High,salesforce_breach,15,Salesloft supply chain attack deep dive,2025-12-01 22:02:58
153,@cyberanalyst,Reddit,642,High,"gainsight_breach, saas_compliance, sspm",7,Gainsight incident: what we know so far,2025-12-01 22:02:58
154,@infosec,Reddit,643,High,"saas_security, ai_agent_security, saas_compliance, salesloft_breach",13,SaaS compliance requirements for healthcare,2025-12-01 22:02:58
155,@aisecurity,X (Twitter),659,High,"gainsight_breach, ai_agent_security",11,SSPM best practices for 2025,2025-12-01 22:02:58
156,@saassec,Reddit,672,High,"sspm, gainsight_breach",13,Gainsight incident: what we know so far,2025-12-01 22:02:58
157,@cybersecurity,Reddit,944,High,"gainsight_breach, salesforce_breach, saas_security",12,New SaaS security framework released,2025-12-01 22:02:58
158,@cloudops,X (Twitter),1481,Very High,saas_security,10,AI agent security concerns in enterprise SaaS,2025-12-01 22:02:58
159,@securityresearcher,X (Twitter),915,High,ai_agent_security,9,Gainsight incident: what we know so far,2025-12-01 22:02:58
160,@saassec,X (Twitter),698,High,"saas_compliance, ai_agent_security, gainsight_breach, salesforce_breach",18,Salesloft supply chain attack deep dive,2025-12-01 22:02:58
161,@cyberdefender,Reddit,1277,Very High,"ai_agent_security, sspm, saas_compliance",2,AI compliance regulations update,2025-12-01 22:02:58
162,@cyberdefender,X (Twitter),1268,Very High,"saas_security, salesloft_breach, gainsight_breach",10,Salesloft supply chain attack deep dive,2025-12-01 22:02:58
163,@cloudarchitect,X (Twitter),715,High,"ai_agent_security, saas_security",20,Gainsight incident: what we know so far,2025-12-01 22:02:58
164,@aisecurity,Reddit,568,High,"saas_security, salesforce_breach, ai_agent_security",4,SSPM best practices for 2025,2025-12-01 22:02:58
165,@securityexpert,X (Twitter),1074,Very High,sspm,18,Salesforce breach analysis and lessons learned,2025-12-01 22:02:58
166,@securityengineer,Reddit,1256,Very High,"gainsight_breach, saas_security",15,AI compliance regulations update,2025-12-01 22:02:58
167,@cloudsecpro,X (Twitter),926,High,saas_compliance,19,SaaS compliance requirements for healthcare,2025-12-01 22:02:58
168,@cloudarchitect,Reddit,1441,Very High,"sspm, salesloft_breach, saas_security",9,GenAI security risks in SaaS platforms,2025-12-01 22:02:58
169,@devsecops,Reddit,866,High,"sspm, saas_security, gainsight_breach",3,SaaS security posture management guide,2025-12-01 22:02:58
170,@saassecops,X (Twitter),904,High,"saas_security, saas_compliance, gainsight_breach",15,AI compliance regulations update,2025-12-01 22:02:58
171,@cybersecurity,Reddit,639,High,"sspm, ai_agent_security, gainsight_breach",18,Salesloft supply chain attack deep dive,2025-12-01 22:02:58
172,@cyberdefender,X (Twitter),701,High,"sspm, ai_agent_security, salesloft_breach, salesforce_breach",2,Salesforce breach analysis and lessons learned,2025-12-01 22:02:58
173,@cybersecurity,X (Twitter),1289,Very High,saas_security,11,SaaS compliance requirements for healthcare,2025-12-01 22:02:58
174,@cybersecurity,Reddit,654,High,salesloft_breach,17,SSPM best practices for 2025,2025-12-01 22:02:58
175,@devsecops,X (Twitter),977,High,saas_compliance,7,SSPM best practices for 2025,2025-12-01 22:02:58
176,@cyberdefender,Reddit,737,High,"saas_compliance, saas_security, salesforce_breach",19,SaaS security posture management guide,2025-12-01 22:02:58
177,@aisecurity,Reddit,1225,Very High,"saas_compliance, saas_security, ai_agent_security",8,New SaaS security framework released,2025-12-01 22:02:58
178,@securityexpert,Reddit,1109,Very High,"salesforce_breach, saas_compliance",5,Gainsight incident: what we know so far,2025-12-01 22:02:58
179,@cybersecurity,Reddit,519,High,"saas_compliance, sspm, ai_agent_security, saas_security",4,SaaS security posture management guide,2025-12-01 22:02:58
180,@cyberdefender,X (Twitter),1184,Very High,"gainsight_breach, ai_agent_security",14,Salesloft supply chain attack deep dive,2025-12-01 22:02:58
181,@sspmexpert,X (Twitter),807,High,"saas_security, salesloft_breach, ai_agent_security",10,SaaS compliance requirements for healthcare,2025-12-01 22:02:58
182,@cloudarchitect,X (Twitter),636,High,"gainsight_breach, sspm",13,SSPM best practices for 2025,2025-12-01 22:02:58
183,@cyberdefender,X (Twitter),1289,Very High,"salesloft_breach, salesforce_breach",9,New SaaS security framework released,2025-12-01 22:02:58
184,@aisecurity,X (Twitter),1121,Very High,"ai_agent_security, sspm",3,GenAI security risks in SaaS platforms,2025-12-01 22:02:58
185,@cloudsecurity,X (Twitter),1186,Very High,"saas_security, salesloft_breach, saas_compliance, gainsight_breach",6,SSPM best practices for 2025,2025-12-01 22:02:58
186,@cloudsecpro,Reddit,1337,Very High,"salesloft_breach, saas_security",18,AI agent security concerns in enterprise SaaS,2025-12-01 22:02:58
187,@securityexpert,Reddit,1275,Very High,"saas_security, ai_agent_security",20,GenAI security risks in SaaS platforms,2025-12-01 22:02:58
188,@secops,Reddit,1329,Very High,sspm,8,Gainsight incident: what we know so far,2025-12-01 22:02:58
189,@cloudsecpro,Reddit,619,High,saas_compliance,7,Salesloft supply chain attack deep dive,2025-12-01 22:02:58
190,@devsecops,Reddit,913,High,"sspm, salesforce_breach, gainsight_breach",14,AI agent security concerns in enterprise SaaS,2025-12-01 22:02:58
191,@cyberdefender,X (Twitter),1383,Very High,"salesloft_breach, saas_compliance, sspm",19,Salesforce breach analysis and lessons learned,2025-12-01 22:02:58
192,@securityguru,X (Twitter),1061,Very High,"saas_security, sspm",9,Salesloft supply chain attack deep dive,2025-12-01 22:02:58
193,@aisecurity,Reddit,1378,Very High,"saas_compliance, gainsight_breach, ai_agent_security, salesforce_breach",5,AI compliance regulations update,2025-12-01 22:02:58
194,@saascompliance,X (Twitter),1411,Very High,"salesloft_breach, sspm",10,AI compliance regulations update,2025-12-01 22:02:58
195,@saassecops,X (Twitter),1074,Very High,"saas_compliance, salesforce_breach, saas_security",14,SaaS compliance requirements for healthcare,2025-12-01 22:02:58
196,@aisecurity,Reddit,985,High,"saas_compliance, sspm",14,GenAI security risks in SaaS platforms,2025-12-01 22:02:58
197,@cloudsecurity,X (Twitter),1385,Very High,salesforce_breach,14,AI compliance regulations update,2025-12-01 22:02:58
198,@infosecpro,Reddit,736,High,"ai_agent_security, gainsight_breach",6,SSPM best practices for 2025,2025-12-01 22:02:58
199,@securityresearcher,Reddit,1359,Very High,sspm,10,AI agent security concerns in enterprise SaaS,2025-12-01 22:02:58
200,@cyberdefender,X (Twitter),896,High,"sspm, salesloft_breach, gainsight_breach",18,SaaS security posture management guide,2025-12-01 22:02:58
201,@cyberdefender,X (Twitter),448,Medium,"saas_security, ai_agent_security, salesloft_breach",8,Salesloft supply chain attack deep dive,2025-12-01 22:02:58
202,@securityengineer,Reddit,119,Medium,ai_agent_security,15,SSPM best practices for 2025,2025-12-01 22:02:58
203,@cybersecurity,X (Twitter),154,Medium,saas_compliance,7,GenAI security risks in SaaS platforms,2025-12-01 22:02:58
204,@cloudsecurity,X (Twitter),146,Medium,"salesforce_breach, saas_compliance",18,SSPM best practices for 2025,2025-12-01 22:02:58
205,@sspmexpert,Reddit,426,Medium,"saas_compliance, saas_security",11,GenAI security risks in SaaS platforms,2025-12-01 22:02:58
206,@aisecurity,X (Twitter),401,Medium,"sspm, saas_security",14,SaaS security posture management guide,2025-12-01 22:02:58
207,@securityguru,X (Twitter),232,Medium,saas_compliance,7,SaaS security posture management guide,2025-12-01 22:02:58
208,@cloudsecurity,X (Twitter),444,Medium,"saas_compliance, salesforce_breach, sspm",20,Gainsight incident: what we know so far,2025-12-01 22:02:58
209,@saassec,X (Twitter),298,Medium,"sspm, gainsight_breach, saas_security, ai_agent_security",2,Salesloft supply chain attack deep dive,2025-12-01 22:02:58
210,@cyberanalyst,X (Twitter),418,Medium,"ai_agent_security, salesloft_breach, saas_security, sspm",9,SSPM best practices for 2025,2025-12-01 22:02:58
211,@infosec,X (Twitter),319,Medium,"gainsight_breach, saas_compliance, sspm",18,AI compliance regulations update,2025-12-01 22:02:58
212,@devsecops,Reddit,110,Medium,"saas_compliance, gainsight_breach",12,New SaaS security framework released,2025-12-01 22:02:58
213,@securityresearcher,Reddit,111,Medium,"saas_security, salesloft_breach, ai_agent_security, saas_compliance",11,New SaaS security framework released,2025-12-01 22:02:58
214,@devsecops,X (Twitter),82,Low,ai_agent_security,4,Gainsight incident: what we know so far,2025-12-01 22:02:58
215,@infosecpro,X (Twitter),80,Low,"ai_agent_security, salesforce_breach, salesloft_breach, gainsight_breach",5,AI compliance regulations update,2025-12-01 22:02:58
216,@cyberanalyst,X (Twitter),156,Medium,"salesforce_breach, gainsight_breach, saas_security",11,Salesforce breach analysis and lessons learned,2025-12-01 22:02:58
217,@cybersecurity,X (Twitter),90,Low,"ai_agent_security, salesloft_breach, sspm, gainsight_breach",12,New SaaS security framework released,2025-12-01 22:02:58
218,@cloudsecpro,X (Twitter),383,Medium,gainsight_breach,5,Gainsight incident: what we know so far,2025-12-01 22:02:58
219,@cloudops,X (Twitter),221,Medium,"saas_security, salesloft_breach, ai_agent_security, salesforce_breach",16,AI compliance regulations update,2025-12-01 22:02:58
220,@aisecurity,Reddit,205,Medium,"ai_agent_security, salesforce_breach",10,SaaS compliance requirements for healthcare,2025-12-01 22:02:58
221,@saassec,X (Twitter),419,Medium,"saas_compliance, ai_agent_security, gainsight_breach",4,SaaS compliance requirements for healthcare,2025-12-01 22:02:58
222,@saassecops,X (Twitter),99,Low,saas_security,13,Salesforce breach analysis and lessons learned,2025-12-01 22:02:58
223,@aisecurity,X (Twitter),255,Medium,"salesforce_breach, gainsight_breach",5,New SaaS security framework released,2025-12-01 22:02:58
224,@securityengineer,X (Twitter),353,Medium,"gainsight_breach, salesforce_breach, saas_security",17,AI compliance regulations update,2025-12-01 22:02:58
225,@infosec,Reddit,66,Low,"salesforce_breach, gainsight_breach, salesloft_breach, sspm",11,SaaS compliance requirements for healthcare,2025-12-01 22:02:58
226,@saassec,X (Twitter),93,Low,"saas_compliance, sspm, salesforce_breach, ai_agent_security",6,GenAI security risks in SaaS platforms,2025-12-01 22:02:58
227,@cloudsecpro,X (Twitter),394,Medium,"ai_agent_security, sspm",16,SaaS compliance requirements for healthcare,2025-12-01 22:02:58
228,@cloudops,X (Twitter),396,Medium,salesforce_breach,11,Gainsight incident: what we know so far,2025-12-01 22:02:58
229,@cybersecurity,X (Twitter),125,Medium,"saas_compliance, salesloft_breach, ai_agent_security, sspm",15,Salesforce breach analysis and lessons learned,2025-12-01 22:02:58
230,@cloudsecurity,Reddit,325,Medium,"sspm, salesforce_breach, ai_agent_security, saas_compliance",3,New SaaS security framework released,2025-12-01 22:02:58
231,@cyberanalyst,X (Twitter),345,Medium,"saas_compliance, gainsight_breach, saas_security",12,SSPM best practices for 2025,2025-12-01 22:02:58
232,@sspmexpert,X (Twitter),174,Medium,"salesforce_breach, gainsight_breach, ai_agent_security, saas_compliance",14,GenAI security risks in SaaS platforms,2025-12-01 22:02:58
233,@securityengineer,X (Twitter),401,Medium,"sspm, gainsight_breach",19,SSPM best practices for 2025,2025-12-01 22:02:58
234,@sspmexpert,X (Twitter),117,Medium,saas_security,16,SaaS security posture management guide,2025-12-01 22:02:58
235,@securityexpert,Reddit,472,Medium,"ai_agent_security, salesloft_breach, sspm, salesforce_breach",15,Salesforce breach analysis and lessons learned,2025-12-01 22:02:58
236,@cloudops,Reddit,338,Medium,"saas_security, sspm",19,SaaS compliance requirements for healthcare,2025-12-01 22:02:58
237,@devsecops,Reddit,156,Medium,"salesloft_breach, ai_agent_security, sspm",8,GenAI security risks in SaaS platforms,2025-12-01 22:02:58
238,@cloudarchitect,Reddit,102,Medium,"gainsight_breach, salesloft_breach",10,New SaaS security framework released,2025-12-01 22:02:58
239,@saassecops,X (Twitter),98,Low,"salesloft_breach, ai_agent_security, gainsight_breach",18,SaaS security posture management guide,2025-12-01 22:02:58
240,@cloudsecpro,Reddit,387,Medium,sspm,8,SaaS compliance requirements for healthcare,2025-12-01 22:02:58
241,@secops,Reddit,154,Medium,"ai_agent_security, salesforce_breach",15,Salesforce breach analysis and lessons learned,2025-12-01 22:02:58
242,@sspmexpert,X (Twitter),180,Medium,"ai_agent_security, saas_security",9,SSPM best practices for 2025,2025-12-01 22:02:58
243,@infosecpro,X (Twitter),322,Medium,"saas_compliance, salesloft_breach, gainsight_breach, salesforce_breach",7,AI compliance regulations update,2025-12-01 22:02:58
244,@cyberanalyst,Reddit,280,Medium,gainsight_breach,9,GenAI security risks in SaaS platforms,2025-12-01 22:02:58
245,@cloudarchitect,Reddit,95,Low,salesloft_breach,4,GenAI security risks in SaaS platforms,2025-12-01 22:02:58
246,@cloudsecurity,Reddit,133,Medium,"saas_security, saas_compliance, salesforce_breach, salesloft_breach",11,Salesforce breach analysis and lessons learned,2025-12-01 22:02:58
247,@cyberanalyst,X (Twitter),368,Medium,"salesforce_breach, sspm, salesloft_breach, ai_agent_security",1,Gainsight incident: what we know so far,2025-12-01 22:02:58
248,@securityguru,Reddit,172,Medium,"salesloft_breach, ai_agent_security, salesforce_breach, gainsight_breach",8,SaaS security posture management guide,2025-12-01 22:02:58
249,@secops,Reddit,311,Medium,"saas_security, sspm",14,Salesforce breach analysis and lessons learned,2025-12-01 22:02:58
250,@devsecops,Reddit,59,Low,"ai_agent_security, salesloft_breach",5,Gainsight incident: what we know so far,2025-12-01 22:02:58
251,@cloudarchitect,Reddit,241,Medium,sspm,20,SSPM best practices for 2025,2025-12-01 22:02:58
252,@cloudsecurity,Reddit,167,Medium,salesloft_breach,18,AI agent security concerns in enterprise SaaS,2025-12-01 22:02:58
253,@cyberdefender,X (Twitter),288,Medium,"salesforce_breach, gainsight_breach",16,New SaaS security framework released,2025-12-01 22:02:58
254,@cloudsecurity,Reddit,286,Medium,saas_compliance,19,Salesforce breach analysis and lessons learned,2025-12-01 22:02:58
255,@securityguru,X (Twitter),73,Low,"gainsight_breach, ai_agent_security",2,SaaS compliance requirements for healthcare,2025-12-01 22:02:58
256,@sspmexpert,X (Twitter),206,Medium,gainsight_breach,18,New SaaS security framework released,2025-12-01 22:02:58
257,@securityresearcher,Reddit,190,Medium,saas_security,8,AI compliance regulations update,2025-12-01 22:02:58
258,@secops,Reddit,454,Medium,sspm,17,AI compliance regulations update,2025-12-01 22:02:58
259,@saassecops,X (Twitter),480,Medium,"ai_agent_security, saas_compliance, salesforce_breach",6,SSPM best practices for 2025,2025-12-01 22:02:58
260,@cyberdefender,Reddit,112,Medium,sspm,16,Salesforce breach analysis and lessons learned,2025-12-01 22:02:58
261,@saassec,Reddit,133,Medium,salesforce_breach,9,Salesloft supply chain attack deep dive,2025-12-01 22:02:58
262,@sspmexpert,Reddit,156,Medium,"salesforce_breach, ai_agent_security",17,Salesforce breach analysis and lessons learned,2025-12-01 22:02:58
263,@secops,Reddit,106,Medium,"saas_security, gainsight_breach, sspm",1,SaaS security posture management guide,2025-12-01 22:02:58
264,@devsecops,Reddit,231,Medium,"salesloft_breach, ai_agent_security",13,AI compliance regulations update,2025-12-01 22:02:58
265,@securityguru,Reddit,98,Low,"ai_agent_security, saas_security",6,GenAI security risks in SaaS platforms,2025-12-01 22:02:58
266,@secops,Reddit,268,Medium,"salesloft_breach, salesforce_breach",3,New SaaS security framework released,2025-12-01 22:02:58
267,@infosecpro,X (Twitter),284,Medium,"saas_compliance, salesloft_breach, gainsight_breach",15,Gainsight incident: what we know so far,2025-12-01 22:02:58
268,@saassecops,X (Twitter),401,Medium,salesforce_breach,5,GenAI security risks in SaaS platforms,2025-12-01 22:02:58
269,@sspmexpert,X (Twitter),180,Medium,"salesforce_breach, gainsight_breach, ai_agent_security, saas_compliance",20,SaaS security posture management guide,2025-12-01 22:02:58
270,@cloudarchitect,Reddit,341,Medium,"saas_security, saas_compliance, ai_agent_security, sspm",15,SSPM best practices for 2025,2025-12-01 22:02:58
271,@securityguru,Reddit,236,Medium,"salesforce_breach, salesloft_breach",4,GenAI security risks in SaaS platforms,2025-12-01 22:02:58
272,@secops,Reddit,310,Medium,saas_security,6,AI compliance regulations update,2025-12-01 22:02:58
273,@cloudsecurity,X (Twitter),80,Low,"saas_security, sspm, saas_compliance",18,GenAI security risks in SaaS platforms,2025-12-01 22:02:58
274,@cloudsecurity,Reddit,328,Medium,"sspm, salesforce_breach, gainsight_breach, saas_security",16,AI agent security concerns in enterprise SaaS,2025-12-01 22:02:58
275,@sspmexpert,Reddit,135,Medium,"sspm, gainsight_breach, salesforce_breach",14,SaaS compliance requirements for healthcare,2025-12-01 22:02:58
276,@devsecops,Reddit,231,Medium,"gainsight_breach, ai_agent_security, salesloft_breach",12,AI agent security concerns in enterprise SaaS,2025-12-01 22:02:58
277,@securityengineer,Reddit,319,Medium,"saas_compliance, salesforce_breach",10,SSPM best practices for 2025,2025-12-01 22:02:58
278,@securityengineer,Reddit,387,Medium,"salesforce_breach, gainsight_breach, saas_security, ai_agent_security",15,New SaaS security framework released,2025-12-01 22:02:58
279,@cloudops,X (Twitter),159,Medium,"salesloft_breach, sspm, salesforce_breach, saas_compliance",20,SSPM best practices for 2025,2025-12-01 22:02:58
280,@saassecops,Reddit,168,Medium,"saas_security, sspm",13,AI compliance regulations update,2025-12-01 22:02:58
281,@securityguru,Reddit,53,Low,"sspm, salesforce_breach",14,New SaaS security framework released,2025-12-01 22:02:58
282,@infosec,X (Twitter),395,Medium,"salesforce_breach, saas_security, gainsight_breach",10,Salesloft supply chain attack deep dive,2025-12-01 22:02:58
283,@secops,Reddit,267,Medium,"salesloft_breach, sspm, ai_agent_security",6,SaaS security posture management guide,2025-12-01 22:02:58
284,@infosecpro,Reddit,270,Medium,"gainsight_breach, saas_compliance",17,AI compliance regulations update,2025-12-01 22:02:58
285,@infosec,X (Twitter),450,Medium,"gainsight_breach, ai_agent_security, salesforce_breach",9,Salesforce breach analysis and lessons learned,2025-12-01 22:02:58
286,@sspmexpert,Reddit,360,Medium,"saas_compliance, saas_security, sspm, salesforce_breach",9,New SaaS security framework released,2025-12-01 22:02:58
287,@securityguru,X (Twitter),305,Medium,"salesforce_breach, ai_agent_security, sspm, saas_compliance",13,SaaS security posture management guide,2025-12-01 22:02:58
288,@cloudsecpro,X (Twitter),343,Medium,"saas_security, salesloft_breach",15,SSPM best practices for 2025,2025-12-01 22:02:58
289,@securityguru,Reddit,498,Medium,"saas_compliance, sspm, salesforce_breach, salesloft_breach",9,SaaS security posture management guide,2025-12-01 22:02:58
290,@cloudsecurity,Reddit,454,Medium,"gainsight_breach, ai_agent_security, sspm, salesforce_breach",14,Salesforce breach analysis and lessons learned,2025-12-01 22:02:58
291,@saassec,Reddit,240,Medium,"salesforce_breach, sspm",2,AI agent security concerns in enterprise SaaS,2025-12-01 22:02:58
292,@cybersecurity,Reddit,232,Medium,"ai_agent_security, salesloft_breach, salesforce_breach, saas_security",20,Salesforce breach analysis and lessons learned,2025-12-01 22:02:58
293,@infosec,Reddit,151,Medium,"sspm, salesloft_breach, saas_security, saas_compliance",7,GenAI security risks in SaaS platforms,2025-12-01 22:02:58
294,@cloudsecpro,X (Twitter),234,Medium,"ai_agent_security, salesloft_breach",16,Salesforce breach analysis and lessons learned,2025-12-01 22:02:58
295,@saassec,X (Twitter),77,Low,"sspm, salesloft_breach, saas_compliance, gainsight_breach",16,Gainsight incident: what we know so far,2025-12-01 22:02:58
296,@saassec,Reddit,485,Medium,"saas_compliance, ai_agent_security, sspm, gainsight_breach",8,New SaaS security framework released,2025-12-01 22:02:58
297,@securityengineer,Reddit,101,Medium,"salesloft_breach, sspm, salesforce_breach, saas_compliance",15,New SaaS security framework released,2025-12-01 22:02:58
298,@sspmexpert,Reddit,436,Medium,salesforce_breach,18,Gainsight incident: what we know so far,2025-12-01 22:02:58
299,@infosecpro,X (Twitter),185,Medium,"saas_compliance, ai_agent_security",13,Gainsight incident: what we know so far,2025-12-01 22:02:58
300,@aisecurity,Reddit,178,Medium,"saas_compliance, salesloft_breach",4,Salesforce breach analysis and lessons learned,2025-12-01 22:02:58
301,@securityexpert,X (Twitter),66,Low,saas_security,10,SaaS security posture management guide,2025-12-01 22:02:58
302,@aisecurity,Reddit,137,Medium,ai_agent_security,19,Salesloft supply chain attack deep dive,2025-12-01 22:02:58
303,@saascompliance,X (Twitter),238,Medium,"sspm, saas_security, gainsight_breach, salesforce_breach",10,GenAI security risks in SaaS platforms,2025-12-01 22:02:58
304,@infosec,Reddit,213,Medium,"ai_agent_security, sspm",3,Salesforce breach analysis and lessons learned,2025-12-01 22:02:58
305,@cybersecurity,X (Twitter),380,Medium,"saas_security, saas_compliance, sspm",13,SSPM best practices for 2025,2025-12-01 22:02:58
306,@secops,X (Twitter),89,Low,salesforce_breach,15,Gainsight incident: what we know so far,2025-12-01 22:02:58
307,@devsecops,Reddit,456,Medium,"sspm, saas_security, salesforce_breach",2,Salesloft supply chain attack deep dive,2025-12-01 22:02:58
308,@cloudarchitect,X (Twitter),287,Medium,salesloft_breach,4,Salesloft supply chain attack deep dive,2025-12-01 22:02:58
309,@infosecpro,Reddit,197,Medium,salesloft_breach,18,SaaS security posture management guide,2025-12-01 22:02:58
310,@devsecops,X (Twitter),314,Medium,saas_compliance,18,SaaS security posture management guide,2025-12-01 22:02:58
311,@cloudsecurity,Reddit,498,Medium,"saas_security, gainsight_breach",11,New SaaS security framework released,2025-12-01 22:02:58
312,@aisecurity,X (Twitter),59,Low,"sspm, salesforce_breach, salesloft_breach, saas_compliance",1,Salesforce breach analysis and lessons learned,2025-12-01 22:02:58
313,@saassecops,Reddit,392,Medium,sspm,15,AI agent security concerns in enterprise SaaS,2025-12-01 22:02:58
314,@securityengineer,X (Twitter),103,Medium,ai_agent_security,8,SaaS compliance requirements for healthcare,2025-12-01 22:02:58
315,@saassecops,Reddit,105,Medium,"salesforce_breach, sspm, salesloft_breach",7,SaaS compliance requirements for healthcare,2025-12-01 22:02:58
316,@devsecops,X (Twitter),360,Medium,saas_security,15,SaaS compliance requirements for healthcare,2025-12-01 22:02:58
317,@cybersecurity,Reddit,348,Medium,"salesloft_breach, gainsight_breach, saas_security, salesforce_breach",15,Salesforce breach analysis and lessons learned,2025-12-01 22:02:58
318,@securityguru,X (Twitter),131,Medium,"ai_agent_security, salesloft_breach, sspm",14,SSPM best practices for 2025,2025-12-01 22:02:58
319,@securityresearcher,X (Twitter),393,Medium,"sspm, gainsight_breach",4,Salesloft supply chain attack deep dive,2025-12-01 22:02:58
320,@infosec,X (Twitter),316,Medium,"ai_agent_security, salesforce_breach, gainsight_breach, saas_security",9,Gainsight incident: what we know so far,2025-12-01 22:02:58
321,@saassecops,X (Twitter),116,Medium,"sspm, saas_security",7,Gainsight incident: what we know so far,2025-12-01 22:02:58
322,@saassec,X (Twitter),290,Medium,"gainsight_breach, salesloft_breach, sspm, ai_agent_security",8,Gainsight incident: what we know so far,2025-12-01 22:02:58
323,@cloudsecurity,X (Twitter),169,Medium,"salesforce_breach, sspm",12,Salesforce breach analysis and lessons learned,2025-12-01 22:02:58
324,@aisecurity,X (Twitter),134,Medium,saas_compliance,15,New SaaS security framework released,2025-12-01 22:02:58
325,@cloudsecurity,Reddit,83,Low,"sspm, saas_compliance, gainsight_breach",15,GenAI security risks in SaaS platforms,2025-12-01 22:02:58
326,@aisecurity,Reddit,237,Medium,"gainsight_breach, saas_compliance, salesforce_breach, ai_agent_security",2,AI agent security concerns in enterprise SaaS,2025-12-01 22:02:58
327,@securityguru,X (Twitter),139,Medium,"ai_agent_security, salesforce_breach, saas_security",2,SSPM best practices for 2025,2025-12-01 22:02:58
328,@cloudarchitect,X (Twitter),157,Medium,"gainsight_breach, sspm, saas_compliance",3,SaaS compliance requirements for healthcare,2025-12-01 22:02:58
329,@infosec,X (Twitter),302,Medium,"ai_agent_security, sspm",5,Salesforce breach analysis and lessons learned,2025-12-01 22:02:58
330,@secops,Reddit,350,Medium,ai_agent_security,13,Salesforce breach analysis and lessons learned,2025-12-01 22:02:58
331,@cyberdefender,Reddit,345,Medium,salesloft_breach,7,GenAI security risks in SaaS platforms,2025-12-01 22:02:58
332,@cloudarchitect,Reddit,161,Medium,"ai_agent_security, salesloft_breach",12,GenAI security risks in SaaS platforms,2025-12-01 22:02:58
333,@cyberanalyst,X (Twitter),121,Medium,"saas_compliance, ai_agent_security",15,AI agent security concerns in enterprise SaaS,2025-12-01 22:02:58
334,@cloudsecpro,X (Twitter),94,Low,"sspm, salesloft_breach",9,Salesforce breach analysis and lessons learned,2025-12-01 22:02:58
335,@cyberanalyst,X (Twitter),122,Medium,"salesforce_breach, saas_security",1,Gainsight incident: what we know so far,2025-12-01 22:02:58
336,@cybersecurity,Reddit,328,Medium,"ai_agent_security, salesloft_breach, gainsight_breach, sspm",7,New SaaS security framework released,2025-12-01 22:02:58
337,@cybersecurity,X (Twitter),280,Medium,"gainsight_breach, salesloft_breach",4,Salesforce breach analysis and lessons learned,2025-12-01 22:02:58
338,@securityresearcher,Reddit,261,Medium,"salesloft_breach, saas_security, sspm",10,SSPM best practices for 2025,2025-12-01 22:02:58
339,@infosecpro,Reddit,469,Medium,"sspm, gainsight_breach",15,AI compliance regulations update,2025-12-01 22:02:58
340,@securityengineer,Reddit,269,Medium,"ai_agent_security, salesforce_breach, sspm",3,SaaS security posture management guide,2025-12-01 22:02:58
341,@cloudsecurity,Reddit,434,Medium,"gainsight_breach, salesforce_breach, saas_security",19,Salesloft supply chain attack deep dive,2025-12-01 22:02:58
342,@saassec,Reddit,377,Medium,"salesforce_breach, sspm, ai_agent_security",3,AI compliance regulations update,2025-12-01 22:02:58
343,@saascompliance,X (Twitter),222,Medium,saas_compliance,5,New SaaS security framework released,2025-12-01 22:02:58
344,@saassecops,X (Twitter),163,Medium,"gainsight_breach, salesloft_breach, ai_agent_security",2,AI compliance regulations update,2025-12-01 22:02:58
345,@cloudarchitect,Reddit,323,Medium,"gainsight_breach, sspm, ai_agent_security, salesforce_breach",20,SaaS compliance requirements for healthcare,2025-12-01 22:02:58
346,@securityengineer,Reddit,399,Medium,"salesloft_breach, ai_agent_security, sspm, saas_compliance",10,New SaaS security framework released,2025-12-01 22:02:58
347,@cloudsecpro,X (Twitter),65,Low,"saas_compliance, gainsight_breach, saas_security",9,SaaS compliance requirements for healthcare,2025-12-01 22:02:58
348,@securityexpert,X (Twitter),497,Medium,"salesloft_breach, salesforce_breach, ai_agent_security",3,New SaaS security framework released,2025-12-01 22:02:58
349,@sspmexpert,X (Twitter),237,Medium,"salesloft_breach, saas_security",12,AI compliance regulations update,2025-12-01 22:02:58
350,@cloudsecurity,Reddit,136,Medium,sspm,1,Gainsight incident: what we know so far,2025-12-01 22:02:58
351,@aisecurity,X (Twitter),206,Medium,"ai_agent_security, saas_compliance",19,SaaS compliance requirements for healthcare,2025-12-01 22:02:58
352,@sspmexpert,X (Twitter),243,Medium,"gainsight_breach, saas_compliance, salesforce_breach, salesloft_breach",16,Salesloft supply chain attack deep dive,2025-12-01 22:02:58
353,@infosecpro,Reddit,114,Medium,"sspm, saas_security, salesloft_breach, ai_agent_security",6,SaaS compliance requirements for healthcare,2025-12-01 22:02:58
354,@cloudsecpro,Reddit,141,Medium,"saas_security, salesloft_breach, gainsight_breach, sspm",8,New SaaS security framework released,2025-12-01 22:02:58
355,@cloudops,Reddit,175,Medium,salesloft_breach,3,GenAI security risks in SaaS platforms,2025-12-01 22:02:58
356,@infosec,X (Twitter),490,Medium,salesloft_breach,7,Salesloft supply chain attack deep dive,2025-12-01 22:02:58
357,@cloudsecpro,X (Twitter),275,Medium,"ai_agent_security, saas_compliance",3,AI compliance regulations update,2025-12-01 22:02:58
358,@cloudsecurity,Reddit,469,Medium,"salesloft_breach, gainsight_breach",7,SSPM best practices for 2025,2025-12-01 22:02:58
359,@infosec,X (Twitter),162,Medium,"sspm, saas_compliance, salesloft_breach",8,AI compliance regulations update,2025-12-01 22:02:58
360,@cyberanalyst,Reddit,484,Medium,"gainsight_breach, saas_compliance, salesloft_breach, salesforce_breach",2,SSPM best practices for 2025,2025-12-01 22:02:58
361,@cyberanalyst,Reddit,200,Medium,"salesforce_breach, salesloft_breach",18,AI agent security concerns in enterprise SaaS,2025-12-01 22:02:58
362,@saascompliance,X (Twitter),321,Medium,"ai_agent_security, sspm",10,AI compliance regulations update,2025-12-01 22:02:58
363,@devsecops,X (Twitter),128,Medium,"salesforce_breach, ai_agent_security",9,SSPM best practices for 2025,2025-12-01 22:02:58
364,@cybersecurity,X (Twitter),335,Medium,"sspm, saas_compliance",12,SaaS security posture management guide,2025-12-01 22:02:58
365,@cloudsecurity,Reddit,448,Medium,ai_agent_security,11,SaaS security posture management guide,2025-12-01 22:02:58
366,@secops,X (Twitter),432,Medium,salesloft_breach,15,New SaaS security framework released,2025-12-01 22:02:58
367,@saassec,X (Twitter),51,Low,"sspm, salesloft_breach",2,GenAI security risks in SaaS platforms,2025-12-01 22:02:58
368,@infosecpro,Reddit,171,Medium,saas_compliance,16,Salesforce breach analysis and lessons learned,2025-12-01 22:02:58
369,@secops,Reddit,170,Medium,"saas_compliance, saas_security",4,New SaaS security framework released,2025-12-01 22:02:58
370,@securityexpert,X (Twitter),227,Medium,"gainsight_breach, salesloft_breach, sspm, salesforce_breach",15,AI compliance regulations update,2025-12-01 22:02:58
371,@devsecops,Reddit,58,Low,salesloft_breach,18,New SaaS security framework released,2025-12-01 22:02:58
372,@aisecurity,Reddit,156,Medium,salesloft_breach,14,AI agent security concerns in enterprise SaaS,2025-12-01 22:02:58
373,@infosec,X (Twitter),387,Medium,"salesloft_breach, ai_agent_security, gainsight_breach, saas_security",7,AI agent security concerns in enterprise SaaS,2025-12-01 22:02:58
374,@securityexpert,Reddit,201,Medium,"ai_agent_security, saas_compliance",12,Gainsight incident: what we know so far,2025-12-01 22:02:58
375,@cyberdefender,Reddit,305,Medium,gainsight_breach,16,AI compliance regulations update,2025-12-01 22:02:58
376,@cloudsecurity,Reddit,342,Medium,gainsight_breach,12,AI compliance regulations update,2025-12-01 22:02:58
377,@cloudsecurity,Reddit,423,Medium,"ai_agent_security, gainsight_breach, salesloft_breach",10,SaaS compliance requirements for healthcare,2025-12-01 22:02:58
378,@cloudarchitect,X (Twitter),359,Medium,"salesforce_breach, saas_security, salesloft_breach",12,GenAI security risks in SaaS platforms,2025-12-01 22:02:58
379,@secops,Reddit,335,Medium,"salesforce_breach, saas_compliance, ai_agent_security, gainsight_breach",18,Salesloft supply chain attack deep dive,2025-12-01 22:02:58
380,@saassecops,X (Twitter),367,Medium,"salesforce_breach, salesloft_breach",2,AI compliance regulations update,2025-12-01 22:02:58
381,@secops,Reddit,258,Medium,"gainsight_breach, saas_compliance, sspm",5,New SaaS security framework released,2025-12-01 22:02:58
382,@cyberdefender,Reddit,195,Medium,"salesloft_breach, salesforce_breach",11,GenAI security risks in SaaS platforms,2025-12-01 22:02:58
383,@cybersecurity,Reddit,434,Medium,"gainsight_breach, saas_security",18,Salesforce breach analysis and lessons learned,2025-12-01 22:02:58
384,@securityresearcher,X (Twitter),319,Medium,"salesforce_breach, salesloft_breach",2,AI compliance regulations update,2025-12-01 22:02:58
385,@infosecpro,X (Twitter),244,Medium,"saas_compliance, salesloft_breach, sspm, gainsight_breach",5,GenAI security risks in SaaS platforms,2025-12-01 22:02:58
386,@cloudsecpro,Reddit,331,Medium,salesloft_breach,1,Salesloft supply chain attack deep dive,2025-12-01 22:02:58
387,@secops,Reddit,359,Medium,"ai_agent_security, saas_security, saas_compliance, salesforce_breach",12,SSPM best practices for 2025,2025-12-01 22:02:58
388,@cybersecurity,Reddit,145,Medium,salesloft_breach,19,SaaS security posture management guide,2025-12-01 22:02:58
389,@securityengineer,Reddit,413,Medium,"saas_compliance, sspm, ai_agent_security",17,Salesloft supply chain attack deep dive,2025-12-01 22:02:58
390,@devsecops,Reddit,379,Medium,gainsight_breach,8,Gainsight incident: what we know so far,2025-12-01 22:02:58
391,@saascompliance,Reddit,88,Low,"gainsight_breach, salesloft_breach",5,Salesforce breach analysis and lessons learned,2025-12-01 22:02:58
392,@secops,X (Twitter),482,Medium,salesloft_breach,15,Gainsight incident: what we know so far,2025-12-01 22:02:58
393,@securityengineer,Reddit,127,Medium,salesforce_breach,11,GenAI security risks in SaaS platforms,2025-12-01 22:02:58
394,@cloudsecpro,X (Twitter),387,Medium,"salesforce_breach, saas_security",4,SSPM best practices for 2025,2025-12-01 22:02:58
395,@saassecops,Reddit,132,Medium,"ai_agent_security, saas_security, salesforce_breach, saas_compliance",13,Salesloft supply chain attack deep dive,2025-12-01 22:02:58
396,@securityengineer,X (Twitter),467,Medium,"gainsight_breach, saas_security, sspm",16,AI agent security concerns in enterprise SaaS,2025-12-01 22:02:58
397,@securityguru,Reddit,330,Medium,"salesforce_breach, sspm, saas_compliance, saas_security",5,AI compliance regulations update,2025-12-01 22:02:58
398,@cyberanalyst,Reddit,91,Low,"salesloft_breach, ai_agent_security",12,AI compliance regulations update,2025-12-01 22:02:58
399,@cloudops,X (Twitter),468,Medium,"gainsight_breach, salesforce_breach, sspm, ai_agent_security",8,New SaaS security framework released,2025-12-01 22:02:58
400,@saassecops,Reddit,377,Medium,sspm,2,AI compliance regulations update,2025-12-01 22:02:58
401,@cloudsecpro,X (Twitter),65,Low,"salesloft_breach, saas_security, salesforce_breach, saas_compliance",8,SaaS compliance requirements for healthcare,2025-12-01 22:02:58
402,@infosecpro,Reddit,390,Medium,"salesloft_breach, saas_security, ai_agent_security, sspm",19,AI agent security concerns in enterprise SaaS,2025-12-01 22:02:58
403,@aisecurity,Reddit,493,Medium,"saas_security, salesloft_breach, gainsight_breach",18,SaaS security posture management guide,2025-12-01 22:02:58
404,@devsecops,X (Twitter),77,Low,"saas_security, salesloft_breach, salesforce_breach",19,SaaS security posture management guide,2025-12-01 22:02:58
405,@cloudops,X (Twitter),404,Medium,"saas_compliance, salesforce_breach",1,Salesloft supply chain attack deep dive,2025-12-01 22:02:58
406,@cloudarchitect,Reddit,103,Medium,salesloft_breach,20,Salesforce breach analysis and lessons learned,2025-12-01 22:02:58
407,@saascompliance,X (Twitter),365,Medium,"saas_compliance, salesloft_breach, sspm, salesforce_breach",9,SSPM best practices for 2025,2025-12-01 22:02:58
408,@cloudsecurity,X (Twitter),328,Medium,"saas_security, saas_compliance, salesloft_breach",8,Gainsight incident: what we know so far,2025-12-01 22:02:58
409,@securityresearcher,X (Twitter),336,Medium,"saas_security, saas_compliance, salesforce_breach, ai_agent_security",13,Salesloft supply chain attack deep dive,2025-12-01 22:02:58
410,@saassecops,X (Twitter),459,Medium,"sspm, saas_compliance, saas_security, gainsight_breach",9,AI agent security concerns in enterprise SaaS,2025-12-01 22:02:58
411,@cybersecurity,X (Twitter),162,Medium,"saas_compliance, salesforce_breach, salesloft_breach, gainsight_breach",11,GenAI security risks in SaaS platforms,2025-12-01 22:02:58
412,@cloudsecurity,Reddit,322,Medium,"salesloft_breach, saas_security, salesforce_breach, ai_agent_security",13,Gainsight incident: what we know so far,2025-12-01 22:02:58
413,@secops,X (Twitter),157,Medium,gainsight_breach,15,SaaS security posture management guide,2025-12-01 22:02:58
414,@devsecops,X (Twitter),308,Medium,"saas_security, salesforce_breach",6,GenAI security risks in SaaS platforms,2025-12-01 22:02:58
415,@saascompliance,X (Twitter),492,Medium,ai_agent_security,12,SaaS compliance requirements for healthcare,2025-12-01 22:02:58
416,@cyberdefender,Reddit,345,Medium,"saas_compliance, gainsight_breach",2,AI agent security concerns in enterprise SaaS,2025-12-01 22:02:58
417,@saassec,Reddit,331,Medium,saas_compliance,3,New SaaS security framework released,2025-12-01 22:02:58
418,@cloudsecpro,Reddit,392,Medium,"saas_security, ai_agent_security, gainsight_breach, sspm",3,New SaaS security framework released,2025-12-01 22:02:58
419,@cloudsecpro,X (Twitter),235,Medium,"saas_security, salesloft_breach, ai_agent_security",7,SSPM best practices for 2025,2025-12-01 22:02:58
420,@securityexpert,Reddit,79,Low,"salesforce_breach, salesloft_breach, ai_agent_security",16,Gainsight incident: what we know so far,2025-12-01 22:02:58
421,@securityresearcher,Reddit,426,Medium,salesloft_breach,18,SaaS security posture management guide,2025-12-01 22:02:58
422,@infosecpro,Reddit,380,Medium,saas_compliance,13,AI compliance regulations update,2025-12-01 22:02:58
423,@devsecops,Reddit,148,Medium,ai_agent_security,8,AI compliance regulations update,2025-12-01 22:02:58
424,@cloudsecpro,X (Twitter),278,Medium,"ai_agent_security, salesloft_breach, sspm, gainsight_breach",18,Gainsight incident: what we know so far,2025-12-01 22:02:58
425,@aisecurity,Reddit,300,Medium,"saas_security, salesloft_breach, sspm, ai_agent_security",14,SSPM best practices for 2025,2025-12-01 22:02:58
426,@secops,Reddit,129,Medium,"saas_security, salesforce_breach, saas_compliance, sspm",18,SaaS security posture management guide,2025-12-01 22:02:58
427,@saassecops,Reddit,392,Medium,"salesloft_breach, saas_compliance, ai_agent_security",5,New SaaS security framework released,2025-12-01 22:02:58
428,@cybersecurity,X (Twitter),496,Medium,"saas_compliance, saas_security",14,SaaS compliance requirements for healthcare,2025-12-01 22:02:58
429,@securityresearcher,Reddit,304,Medium,"sspm, gainsight_breach",2,SSPM best practices for 2025,2025-12-01 22:02:58
430,@cloudsecpro,X (Twitter),439,Medium,gainsight_breach,7,AI compliance regulations update,2025-12-01 22:02:58
431,@saassec,Reddit,338,Medium,"salesforce_breach, sspm",8,New SaaS security framework released,2025-12-01 22:02:58
432,@aisecurity,Reddit,435,Medium,saas_compliance,18,SaaS compliance requirements for healthcare,2025-12-01 22:02:58
433,@cyberanalyst,X (Twitter),376,Medium,"salesloft_breach, gainsight_breach, saas_compliance",19,Gainsight incident: what we know so far,2025-12-01 22:02:58
434,@securityguru,Reddit,491,Medium,"saas_compliance, sspm",15,SSPM best practices for 2025,2025-12-01 22:02:58
435,@securityguru,X (Twitter),342,Medium,"ai_agent_security, gainsight_breach",4,SSPM best practices for 2025,2025-12-01 22:02:58
436,@cloudops,X (Twitter),459,Medium,"gainsight_breach, salesforce_breach",7,SaaS security posture management guide,2025-12-01 22:02:58
437,@cyberanalyst,X (Twitter),467,Medium,gainsight_breach,20,GenAI security risks in SaaS platforms,2025-12-01 22:02:58
438,@infosecpro,X (Twitter),262,Medium,"saas_compliance, salesloft_breach, salesforce_breach, sspm",13,AI compliance regulations update,2025-12-01 22:02:58
439,@secops,X (Twitter),298,Medium,"salesforce_breach, saas_compliance",17,SSPM best practices for 2025,2025-12-01 22:02:58
440,@aisecurity,X (Twitter),493,Medium,salesloft_breach,13,AI compliance regulations update,2025-12-01 22:02:58
441,@cyberanalyst,Reddit,170,Medium,"ai_agent_security, salesloft_breach",1,AI agent security concerns in enterprise SaaS,2025-12-01 22:02:58
442,@saassec,X (Twitter),414,Medium,"gainsight_breach, saas_security, ai_agent_security, salesforce_breach",20,GenAI security risks in SaaS platforms,2025-12-01 22:02:58
443,@infosecpro,X (Twitter),393,Medium,"sspm, salesforce_breach, ai_agent_security, gainsight_breach",8,Salesloft supply chain attack deep dive,2025-12-01 22:02:58
444,@secops,Reddit,322,Medium,"gainsight_breach, sspm, saas_security",17,GenAI security risks in SaaS platforms,2025-12-01 22:02:58
445,@sspmexpert,Reddit,356,Medium,"gainsight_breach, ai_agent_security, saas_security, salesloft_breach",8,Salesloft supply chain attack deep dive,2025-12-01 22:02:58
446,@cloudsecpro,X (Twitter),427,Medium,"sspm, saas_security, saas_compliance",16,AI compliance regulations update,2025-12-01 22:02:58
447,@devsecops,Reddit,377,Medium,"salesforce_breach, saas_compliance, saas_security, salesloft_breach",4,SaaS security posture management guide,2025-12-01 22:02:58
448,@devsecops,X (Twitter),358,Medium,"gainsight_breach, ai_agent_security",9,GenAI security risks in SaaS platforms,2025-12-01 22:02:58
449,@infosec,Reddit,473,Medium,"salesloft_breach, ai_agent_security",2,SaaS compliance requirements for healthcare,2025-12-01 22:02:58
450,@aisecurity,X (Twitter),425,Medium,salesforce_breach,16,SSPM best practices for 2025,2025-12-01 22:02:58
451,@aisecurity,X (Twitter),119,Medium,"sspm, salesforce_breach",8,SaaS compliance requirements for healthcare,2025-12-01 22:02:58
452,@cyberdefender,X (Twitter),412,Medium,"salesforce_breach, sspm, saas_security",5,AI agent security concerns in enterprise SaaS,2025-12-01 22:02:58
453,@secops,Reddit,377,Medium,"saas_compliance, ai_agent_security, gainsight_breach, sspm",15,AI agent security concerns in enterprise SaaS,2025-12-01 22:02:58
454,@cloudsecpro,X (Twitter),184,Medium,"saas_security, ai_agent_security, salesloft_breach",9,AI agent security concerns in enterprise SaaS,2025-12-01 22:02:58
455,@cyberanalyst,Reddit,308,Medium,"salesforce_breach, ai_agent_security, saas_compliance",17,SaaS security posture management guide,2025-12-01 22:02:58
456,@cyberdefender,X (Twitter),209,Medium,"saas_compliance, gainsight_breach, salesloft_breach, ai_agent_security",14,SaaS compliance requirements for healthcare,2025-12-01 22:02:58
457,@cybersecurity,X (Twitter),198,Medium,saas_security,10,Gainsight incident: what we know so far,2025-12-01 22:02:58
458,@sspmexpert,Reddit,195,Medium,"salesforce_breach, sspm, salesloft_breach, saas_security",11,GenAI security risks in SaaS platforms,2025-12-01 22:02:58
459,@cyberanalyst,X (Twitter),257,Medium,"salesforce_breach, gainsight_breach, ai_agent_security, saas_compliance",1,New SaaS security framework released,2025-12-01 22:02:58
460,@cyberdefender,Reddit,171,Medium,"salesloft_breach, saas_security, sspm",18,Salesloft supply chain attack deep dive,2025-12-01 22:02:58
461,@saascompliance,Reddit,157,Medium,"salesforce_breach, sspm, saas_compliance",11,SaaS compliance requirements for healthcare,2025-12-01 22:02:58
462,@cyberdefender,Reddit,260,Medium,"gainsight_breach, ai_agent_security, salesforce_breach",16,Gainsight incident: what we know so far,2025-12-01 22:02:58
463,@aisecurity,Reddit,190,Medium,"salesforce_breach, saas_security",13,GenAI security risks in SaaS platforms,2025-12-01 22:02:58
464,@cyberanalyst,X (Twitter),310,Medium,"salesforce_breach, gainsight_breach",17,Salesloft supply chain attack deep dive,2025-12-01 22:02:58
465,@cloudsecpro,Reddit,379,Medium,"salesforce_breach, saas_compliance",19,Salesforce breach analysis and lessons learned,2025-12-01 22:02:58
466,@cloudsecpro,Reddit,360,Medium,"gainsight_breach, saas_compliance",9,SaaS security posture management guide,2025-12-01 22:02:58
467,@securityexpert,X (Twitter),224,Medium,"gainsight_breach, sspm, ai_agent_security",4,AI compliance regulations update,2025-12-01 22:02:58
468,@secops,X (Twitter),155,Medium,"sspm, salesforce_breach, gainsight_breach",9,SaaS compliance requirements for healthcare,2025-12-01 22:02:58
469,@aisecurity,Reddit,193,Medium,"sspm, gainsight_breach, saas_compliance",4,Gainsight incident: what we know so far,2025-12-01 22:02:58
470,@infosecpro,Reddit,444,Medium,"ai_agent_security, saas_compliance, gainsight_breach, salesforce_breach",11,Gainsight incident: what we know so far,2025-12-01 22:02:58
471,@secops,X (Twitter),246,Medium,"salesloft_breach, gainsight_breach, ai_agent_security, sspm",20,Salesforce breach analysis and lessons learned,2025-12-01 22:02:58
472,@devsecops,X (Twitter),454,Medium,salesloft_breach,18,SaaS security posture management guide,2025-12-01 22:02:58
473,@saassecops,X (Twitter),102,Medium,ai_agent_security,3,SaaS security posture management guide,2025-12-01 22:02:58
474,@saassec,Reddit,450,Medium,"saas_compliance, salesforce_breach, saas_security",12,Salesloft supply chain attack deep dive,2025-12-01 22:02:58
475,@saassec,X (Twitter),365,Medium,ai_agent_security,11,Salesforce breach analysis and lessons learned,2025-12-01 22:02:58
476,@securityengineer,Reddit,412,Medium,"salesloft_breach, ai_agent_security, saas_security, sspm",14,Gainsight incident: what we know so far,2025-12-01 22:02:58
477,@saascompliance,X (Twitter),52,Low,"salesforce_breach, gainsight_breach, salesloft_breach",6,Gainsight incident: what we know so far,2025-12-01 22:02:58
478,@securityengineer,Reddit,81,Low,"saas_security, salesforce_breach, saas_compliance",8,Salesforce breach analysis and lessons learned,2025-12-01 22:02:58
479,@cloudarchitect,Reddit,396,Medium,salesforce_breach,2,AI agent security concerns in enterprise SaaS,2025-12-01 22:02:58
480,@saassec,X (Twitter),424,Medium,saas_compliance,18,AI agent security concerns in enterprise SaaS,2025-12-01 22:02:58
481,@cloudsecpro,Reddit,486,Medium,"saas_security, saas_compliance, ai_agent_security, sspm",18,SaaS compliance requirements for healthcare,2025-12-01 22:02:58
482,@cloudsecurity,X (Twitter),345,Medium,"sspm, salesforce_breach, ai_agent_security",8,AI compliance regulations update,2025-12-01 22:02:58
483,@infosecpro,Reddit,236,Medium,"sspm, salesloft_breach, salesforce_breach",15,Gainsight incident: what we know so far,2025-12-01 22:02:58
484,@securityguru,Reddit,445,Medium,saas_compliance,14,New SaaS security framework released,2025-12-01 22:02:58
485,@saassecops,Reddit,113,Medium,"salesloft_breach, gainsight_breach, salesforce_breach",3,AI compliance regulations update,2025-12-01 22:02:58
486,@saassecops,Reddit,388,Medium,salesforce_breach,5,AI compliance regulations update,2025-12-01 22:02:58
487,@cybersecurity,Reddit,65,Low,"sspm, saas_security, salesloft_breach, gainsight_breach",11,SSPM best practices for 2025,2025-12-01 22:02:58
488,@saascompliance,Reddit,189,Medium,"saas_compliance, salesforce_breach, ai_agent_security, salesloft_breach",19,SaaS security posture management guide,2025-12-01 22:02:58
489,@saassec,Reddit,64,Low,"salesloft_breach, sspm, gainsight_breach",2,AI agent security concerns in enterprise SaaS,2025-12-01 22:02:58
490,@securityguru,Reddit,353,Medium,gainsight_breach,1,SaaS compliance requirements for healthcare,2025-12-01 22:02:58
491,@cloudsecurity,X (Twitter),496,Medium,saas_compliance,3,Salesloft supply chain attack deep dive,2025-12-01 22:02:58
492,@securityguru,Reddit,128,Medium,"salesforce_breach, saas_security, saas_compliance",15,SaaS security posture management guide,2025-12-01 22:02:58
493,@devsecops,Reddit,428,Medium,"salesloft_breach, salesforce_breach, gainsight_breach, ai_agent_security",5,Gainsight incident: what we know so far,2025-12-01 22:02:58
494,@securityengineer,X (Twitter),105,Medium,"saas_compliance, saas_security, salesforce_breach, ai_agent_security",4,SaaS compliance requirements for healthcare,2025-12-01 22:02:58
495,@secops,Reddit,248,Medium,"salesloft_breach, salesforce_breach, sspm",19,AI compliance regulations update,2025-12-01 22:02:58
496,@infosecpro,Reddit,362,Medium,"sspm, saas_security, gainsight_breach",11,AI agent security concerns in enterprise SaaS,2025-12-01 22:02:58
497,@infosecpro,Reddit,446,Medium,"gainsight_breach, salesloft_breach, saas_compliance, saas_security",17,GenAI security risks in SaaS platforms,2025-12-01 22:02:58
498,@cloudarchitect,Reddit,113,Medium,"saas_security, saas_compliance, salesforce_breach",16,Gainsight incident: what we know so far,2025-12-01 22:02:58
499,@cloudsecpro,Reddit,153,Medium,"sspm, ai_agent_security, salesloft_breach",11,AI agent security concerns in enterprise SaaS,2025-12-01 22:02:58
500,@secops,X (Twitter),303,Medium,"saas_compliance, ai_agent_security",19,AI compliance regulations update,2025-12-01 22:02:58
